名前,武器種,攻撃力,属性値,会心率,属性,モンスター
エスペラホルン,狩猟笛,1878,0,0,無,
ホープホルン,狩猟笛,500,0,0,無,
エスペラロッド,操虫棍,1878,0,0,無,
ホープロッド,操虫棍,500,0,0,無,
ブレイドエッジ改,双剣,1682,605,0,水,ショウグンギザミ
ブレイドエッジ,双剣,440,134,0,水,ショウグンギザミ
ギザミブレイド改,大剣,1682,605,0,水,ショウグンギザミ
ギザミブレイド,大剣,440,134,0,水,ショウグンギザミ
ギザミカッター改,太刀,1682,605,0,水,ショウグンギザミ
ギザミカッター,太刀,440,134,0,水,ショウグンギザミ
ギザミヘッドアクス改,ハンマー,1682,605,0,水,ショウグンギザミ
ギザミヘッドアクス,ハンマー,440,134,0,水,ショウグンギザミ
ギザミスティンガー改,ランス,1682,605,0,水,ショウグンギザミ
ギザミスティンガー,ランス,440,134,0,水,ショウグンギザミ
ブレイドガード改,チャージアックス,1682,605,0,水,ショウグンギザミ
ブレイドガード,チャージアックス,440,134,0,水,ショウグンギザミ
ピアースクラブ改,ヘビィボウガン,1682,605,0,水,ショウグンギザミ
ピアースクラブ,ヘビィボウガン,440,134,0,水,ショウグンギザミ
ブルーブレイドボウ改,弓,1682,605,0,水,ショウグンギザミ
ブルーブレイドボウ,弓,440,134,0,水,ショウグンギザミ
ナーブアルファルド改,片手剣,1949,0,30,無,セルレギオス
ナーブアルファルド,片手剣,503,0,15,無,セルレギオス
ザクンアルギエバ改,双剣,1949,0,30,無,セルレギオス
ザクンアルギエバ,双剣,503,0,15,無,セルレギオス
チェーダアルザバル改,大剣,1949,0,30,無,セルレギオス
チェーダアルザバル,大剣,503,0,15,無,セルレギオス
シミターアルナジト改,太刀,1949,0,30,無,セルレギオス
シミターアルナジト,太刀,503,0,15,無,セルレギオス
マトラカアルグル改,ハンマー,1949,0,30,無,セルレギオス
マトラカアルグル,ハンマー,503,0,15,無,セルレギオス
ハルバアルメンカル改,ランス,1949,0,30,無,セルレギオス
ハルバアルメンカル,ランス,503,0,15,無,セルレギオス
アスファアルダナブ改,ガンランス,1949,0,30,無,セルレギオス
アスファアルダナブ,ガンランス,503,0,15,無,セルレギオス
アクサアルダバラン改,スラッシュアックス,1949,0,30,無,セルレギオス
アクサアルダバラン,スラッシュアックス,503,0,15,無,セルレギオス
アスラトアルマイサ改,チャージアックス,1949,0,30,無,セルレギオス
アスラトアルマイサ,チャージアックス,503,0,15,無,セルレギオス
ラサーサアルシアラ改,ライトボウガン,1949,0,30,無,セルレギオス
ラサーサアルシアラ,ライトボウガン,503,0,15,無,セルレギオス
サイドアルシャマリ改,ヘビィボウガン,1949,0,30,無,セルレギオス
サイドアルシャマリ,ヘビィボウガン,503,0,15,無,セルレギオス
シャルラアルナスル改,弓,1949,0,30,無,セルレギオス
シャルラアルナスル,弓,503,0,15,無,セルレギオス
ワージャアルリジル改,狩猟笛,1949,0,30,無,セルレギオス
ワージャアルリジル,狩猟笛,503,0,15,無,セルレギオス
キーラアルティール改,操虫棍,1949,0,30,無,セルレギオス
キーラアルティール,操虫棍,503,0,15,無,セルレギオス
D=ジーカッター,双剣,1020,1173,0,水,オロミドロ
セツ=D,双剣,316,251,0,水,オロミドロ
D=バイダー,太刀,1020,1173,0,水,オロミドロ
D=トゥ,太刀,316,251,0,水,オロミドロ
D=ブレイク,ハンマー,1020,1173,0,水,オロミドロ
D=スィ,ハンマー,316,251,0,水,オロミドロ
ドゥームズ=D,ガンランス,1020,1173,0,水,オロミドロ
D=ネイ,ガンランス,316,251,0,水,オロミドロ
D=ビジョン,スラッシュアックス,1020,1173,0,水,オロミドロ
フー=D,スラッシュアックス,316,251,0,水,オロミドロ
D=スラプト,ライトボウガン,1020,1173,0,水,オロミドロ
D=ガン,ライトボウガン,316,251,0,水,オロミドロ
D=レクション,弓,1020,1173,0,水,オロミドロ
D=シャ,弓,316,251,0,水,オロミドロ
サルガナスレイピア改,片手剣,1138,1156,20,雷,ライゼクス
サルガナスレイピア,片手剣,335,230,10,雷,ライゼクス
双光刃ココウノリュウ改,双剣,1138,1156,20,雷,ライゼクス
双光刃ココウノリュウ,双剣,335,230,10,雷,ライゼクス
啼剣ライゼクス改,大剣,1138,1156,20,雷,ライゼクス
啼剣ライゼクス,大剣,335,230,10,雷,ライゼクス
飛竜刀【ペリドート】改,太刀,1138,1156,20,雷,ライゼクス
飛竜刀【ペリドート】,太刀,335,230,10,雷,ライゼクス
電竜砕ゼクスムマ改,ハンマー,1138,1156,20,雷,ライゼクス
電竜砕ゼクスムマ,ハンマー,335,230,10,雷,ライゼクス
ヴェールライトニング改,ランス,1138,1156,20,雷,ライゼクス
ヴェールライトニング,ランス,335,230,10,雷,ライゼクス
フォンセチャリオット改,ガンランス,1138,1156,20,雷,ライゼクス
フォンセチャリオット,ガンランス,335,230,10,雷,ライゼクス
霹電斧アムガラクレス,スラッシュアックス,1138,1156,20,雷,ライゼクス
電閃斧ヴァジャラクレス,スラッシュアックス,335,230,10,雷,ライゼクス
ハイ=ライジャード改,チャージアックス,1138,1156,20,雷,ライゼクス
ハイ＝ライジャード,チャージアックス,335,230,10,雷,ライゼクス
サージ電竜砲【翠電】改,ライトボウガン,1138,1156,20,雷,ライゼクス
サージ電竜砲【翠電】,ライトボウガン,335,230,10,雷,ライゼクス
電竜大砲【襲撃】改,ヘビィボウガン,1138,1156,20,雷,ライゼクス
電竜大砲【襲撃】,ヘビィボウガン,335,230,10,雷,ライゼクス
電撃弓トネール改,弓,1138,1156,20,雷,ライゼクス
電撃弓トネール,弓,335,230,10,雷,ライゼクス
グルンドナーフラップ改,狩猟笛,1138,1156,20,雷,ライゼクス
グルンドナーフラップ,狩猟笛,335,230,10,雷,ライゼクス
雷牙の霆竜棍改,操虫棍,1138,1156,20,雷,ライゼクス
雷牙の霆竜棍,操虫棍,335,230,10,雷,ライゼクス
ゴシャガガシャ,スラッシュアックス,1311,1200,-30,氷,ゴシャハギ
ゴシャガシャ,スラッシュアックス,398,229,-30,氷,ゴシャハギ
ゴシャガバァン,ライトボウガン,1311,1200,-30,氷,ゴシャハギ
ゴシャバァン,ライトボウガン,398,229,-30,氷,ゴシャハギ
ゴシャガボコォ,操虫棍,1311,1200,-30,氷,ゴシャハギ
ゴシャボコォ,操虫棍,398,229,-30,氷,ゴシャハギ
笞打ちのシュトック,操虫棍,1205,1205,0,龍,メル・ゼナ
ローゼンシュタンゲ改,操虫棍,1197,1154,20,火,エスピナス
ローゼンシュタンゲ,操虫棍,342,230,10,火,エスピナス
ゴルム・グレイヴ改,操虫棍,1979,0,0,無,ガランゴルム
ゴルム・グレイヴ,操虫棍,512,0,0,無,ガランゴルム
冷たき月の双刃棍改,操虫棍,1020,1173,0,氷,ルナガロン
冷たき月の双刃棍,操虫棍,316,251,0,氷,ルナガロン
ヒュドロスアーケーン,操虫棍,1328,1074,20,水,ネロミェール
ヒドゥンケイン,操虫棍,1738,0,40,無,ナルガクルガ
ブラングレイヴ,操虫棍,1293,910,0,氷,ブラントドス
ヘイズキャスター,操虫棍,1741,505,0,毒,オオナズチ
灼炎のテウザー改,操虫棍,1318,1261,-30,火,ディノバルド
灼炎のテウザー,操虫棍,368,292,-30,火,ディノバルド
チャタロッド,操虫棍,1834,0,10,無,チャタカブラ
藍の稲光,操虫棍,1205,1305,0,雷,キリン
カーサスロッド,操虫棍,2198,0,-10,無,ティガレックス亜種
レックスロッド,操虫棍,2198,0,-40,無,ティガレックス
夢幻のメロウフラウ,操虫棍,1567,496,-15,睡眠,イソネミクニ
メロウフラウ,操虫棍,427,298,-15,睡眠,イソネミクニ
アウリスギドゥス,操虫棍,1588,632,0,氷,ウルクスス
ウルクアウリス,操虫棍,417,138,0,氷,ウルクスス
撲滅の導灯,操虫棍,1553,974,0,龍,ネルギガンテ
禍ツ鉾ノ幽鬼ギネーヴ,操虫棍,1516,496,0,爆破,マガイマガド
禍ツ鉾【封】,操虫棍,409,298,0,爆破,マガイマガド
金砕棍ゴーデンライ,操虫棍,1318,1261,-30,雷,ラージャン
金砕棍棒,操虫棍,368,292,-30,雷,ラージャン
暁の潰棍シルラテス,操虫棍,1588,632,0,火,アケノシルム
シルムズマッツァ,操虫棍,417,138,0,火,アケノシルム
すがのねの長薙の巴,操虫棍,1138,1156,20,水,タマミツネ
狐薙刀ツユサソウラン,操虫棍,335,230,10,水,タマミツネ
クイド=ダオラ,操虫棍,1553,974,0,氷,クシャルダオラ
フルボルトチャンバー,操虫棍,1194,913,20,雷,フルフル
ボルトチャンバー,操虫棍,337,184,10,雷,フルフル
グランジストーム,操虫棍,1318,1261,-30,龍,イビルジョー
バッドウィング,操虫棍,368,292,-30,龍,イビルジョー
死線【デッドライン】,操虫棍,1138,1156,20,龍,オドガロン亜種
冥府の三鈷杵,操虫棍,335,230,10,龍,オドガロン亜種
惑いの三鈷杵,操虫棍,1719,0,20,無,オドガロン
ガロンロッド,操虫棍,457,0,5,無,オドガロン
デステリオバーラ,操虫棍,1588,632,0,雷,ツィツィヤック
イルミナルブレード,操虫棍,417,138,0,雷,ツィツィヤック
狼牙剣【欲獄】,片手剣,1257,1212,0,龍,ジンオウガ亜種
獄剣リュウリン,片手剣,366,228,0,龍,ジンオウガ亜種
狼牙双爪【血獄】,双剣,1257,1212,0,龍,ジンオウガ亜種
獄爪リュウキ,双剣,366,228,0,龍,ジンオウガ亜種
獄界の断罪斧改,大剣,1257,1212,0,龍,ジンオウガ亜種
獄界の断罪斧,大剣,366,228,0,龍,ジンオウガ亜種
狼牙刀【悪獄】,太刀,1257,1212,0,龍,ジンオウガ亜種
獄刀リュウコツ,太刀,366,228,0,龍,ジンオウガ亜種
狼牙鎚【食獄】,ハンマー,1257,1212,0,龍,ジンオウガ亜種
獄鎚リュウガク,ハンマー,366,228,0,龍,ジンオウガ亜種
獄界の戦槍改,ランス,1257,1212,0,龍,ジンオウガ亜種
獄界の戦槍,ランス,366,228,0,龍,ジンオウガ亜種
狼牙銃槍【貪獄】,ガンランス,1257,1212,0,龍,ジンオウガ亜種
獄銃槍リュウケツ,ガンランス,366,228,0,龍,ジンオウガ亜種
獄界の斬裂斧改,スラッシュアックス,1257,1212,0,龍,ジンオウガ亜種
獄界の斬裂斧,スラッシュアックス,366,228,0,龍,ジンオウガ亜種
狼牙盾斧【呪獄】,チャージアックス,1257,1212,0,龍,ジンオウガ亜種
獄盾斧リュウケン,チャージアックス,366,228,0,龍,ジンオウガ亜種
獄弩リュウゼツ,ライトボウガン,1257,1212,0,龍,ジンオウガ亜種
獄弩リュウシン,ライトボウガン,366,228,0,龍,ジンオウガ亜種
狼牙砲【獣獄】,ヘビィボウガン,1257,1212,0,龍,ジンオウガ亜種
獄砲リュウコウ,ヘビィボウガン,366,228,0,龍,ジンオウガ亜種
狼牙弓【邪獄】,弓,1257,1212,0,龍,ジンオウガ亜種
獄弓リュウガン,弓,366,228,0,龍,ジンオウガ亜種
狼牙琴【異獄】,狩猟笛,1257,1212,0,龍,ジンオウガ亜種
獄琴リュウセイ,狩猟笛,366,228,0,龍,ジンオウガ亜種
狼牙棍【亡獄】,操虫棍,1257,1212,0,龍,ジンオウガ亜種
獄棍リュウメイ,操虫棍,366,228,0,龍,ジンオウガ亜種
王牙棍【別雷】,操虫棍,1221,1142,0,雷,ジンオウガ
王棍イナズマ,操虫棍,361,232,0,雷,ジンオウガ
アンバーハーケン改,操虫棍,1191,910,20,氷,ベリオロス
アンバーハーケン,操虫棍,334,181,10,氷,ベリオロス
繚乱の輝竜戟,操虫棍,1258,1082,30,火,リオレウス希少種
蒼炎棍【飛翔】,操虫棍,1682,605,0,火,リオレウス亜種
双剣リュウノツガイ,双剣,1221,1142,0,火,"リオレウス, リオレイア"
ツインフレイム,双剣,361,232,0,火,"リオレウス, リオレイア"
火竜棍,操虫棍,1221,1142,0,火,リオレウス
フレイムブレード,操虫棍,361,232,0,火,リオレウス
タナトスグレイブ,操虫棍,2218,0,-30,無,ディアブロス亜種
クギバット,片手剣,1979,0,0,無,ディアブロス
リベットクラブ,片手剣,512,0,0,無,ディアブロス
カイラライホーン,大剣,1979,0,0,無,ディアブロス
クオーラルホーン,大剣,512,0,0,無,ディアブロス
角槍ディアブロス,ランス,1979,0,0,無,ディアブロス
ブロスホーン,ランス,512,0,0,無,ディアブロス
ディアブルガルジート,ガンランス,1979,0,0,無,ディアブロス
ディアブルジート,ガンランス,512,0,0,無,ディアブロス
タイラントグレイブ,操虫棍,1979,0,0,無,ディアブロス
ブロスロッド,操虫棍,512,0,0,無,ディアブロス
フリーズゲイル,操虫棍,1221,1142,0,氷,レイギエナ
フロストブレード,操虫棍,361,232,0,氷,レイギエナ
クイーンレガリア,操虫棍,1516,496,0,毒,リオレイア
プリンセスレガリア,操虫棍,409,298,0,毒,リオレイア
雷顎棍ドネルカラモス改,操虫棍,1197,1154,20,雷,アンジャナフ亜種
雷顎棍ドネルカラモス,操虫棍,342,230,10,雷,アンジャナフ亜種
フラムエルカラモス改,操虫棍,1293,910,0,火,アンジャナフ
フラムエルカラモス,操虫棍,370,181,0,火,アンジャナフ
ウォーターグレイブ,操虫棍,1293,910,0,水,ジュラトドス
アクアロッド,操虫棍,370,181,0,水,ジュラトドス
ニュクスブレード,操虫棍,1756,300,0,睡眠,パオウルムー亜種
ベニカガチノドクヅメ,双剣,1776,350,10,毒,トビカガチ亜種
ベニカガチノマヒガ,太刀,1776,350,10,無,トビカガチ亜種
飛毒銃槍ベニヒバナ,ガンランス,1776,350,10,無,トビカガチ亜種
ベニカガチノドクシュ,チャージアックス,1776,350,10,毒,トビカガチ亜種
ベニカガチノシシ,ヘビィボウガン,2043,0,10,無,トビカガチ亜種
飛毒弓ベニアラシ,弓,1776,350,10,無,トビカガチ亜種
ベニカガチノマヒバシラ,操虫棍,1776,350,10,無,トビカガチ亜種
カガチノハシラ,操虫棍,1293,910,0,雷,トビカガチ
パルサーロッド,操虫棍,370,181,0,雷,トビカガチ
ラグーナグレイブ,操虫棍,1221,1142,0,水,プケプケ亜種
ダチュラブレード,操虫棍,1596,400,0,毒,プケプケ
ブルームブレード,操虫棍,430,250,0,毒,プケプケ
アルノーラス,操虫棍,1596,0,30,無,クルルヤック
クルルブレード,操虫棍,430,0,15,無,クルルヤック
エスペラソード,片手剣,1878,0,0,無,
ホープソード,片手剣,500,0,0,無,
エスペラダガー,双剣,1878,0,0,無,
ホープダガー,双剣,500,0,0,無,
バルーントイブレイド,大剣,1893,0,0,無,
エスペラブレイド,大剣,1878,0,0,無,
ホープブレイド,大剣,500,0,0,無,
エスペラエッジ,太刀,1878,0,0,無,
ホープエッジ,太刀,500,0,0,無,
エスペラハンマー,ハンマー,1878,0,0,無,
ホープハンマー,ハンマー,500,0,0,無,
エスペラランス,ランス,1878,0,0,無,
ホープランス,ランス,500,0,0,無,
エスペラガンランス,ガンランス,1878,0,0,無,
ホープガンランス,ガンランス,500,0,0,無,
エスペラアックス,スラッシュアックス,1878,0,0,無,
ホープアックス,スラッシュアックス,500,0,0,無,
エッグトイアームズ,チャージアックス,1893,0,0,無,
エスペラアームズ,チャージアックス,1878,0,0,無,
ホープアームズ,チャージアックス,500,0,0,無,
エスペラバレット,ライトボウガン,1878,0,0,無,
ホープバレット,ライトボウガン,500,0,0,無,
エスペラキャノン,ヘビィボウガン,1878,0,0,無,
ホープキャノン,ヘビィボウガン,500,0,0,無,
エスペラボウ,弓,1878,0,0,無,
ホープボウ,弓,500,0,0,無,
ゴシャガザクゥ,片手剣,1311,1200,-30,氷,ゴシャハギ
ゴシャザクゥ,片手剣,398,229,-30,氷,ゴシャハギ
ゴシャガズバァ,大剣,1311,1200,-30,氷,ゴシャハギ
ゴシャズバァ,大剣,398,229,-30,氷,ゴシャハギ
ゴシャガベチャ,ハンマー,1311,1200,-30,氷,ゴシャハギ
ゴシャベチャ,ハンマー,398,229,-30,氷,ゴシャハギ
ゴシャガドシュ,ランス,1311,1200,-30,氷,ゴシャハギ
ゴシャドシュ,ランス,398,229,-30,氷,ゴシャハギ
炎尾剣フォルナクス,片手剣,1020,1173,0,火,ケマトリス
ケマスクチーロ,片手剣,316,251,0,火,ケマトリス
炎尾双刃マグネシア,双剣,1020,1173,0,火,ケマトリス
ケマスシレックス,双剣,316,251,0,火,ケマトリス
炎尾大剣ブレイズデル,大剣,1020,1173,0,火,ケマトリス
ケマスエスパダ,大剣,316,251,0,火,ケマトリス
炎尾鑢フェロセラ,太刀,1020,1173,0,火,ケマトリス
ケマスリーマ,太刀,316,251,0,火,ケマトリス
炎尾槍カミネートー,ランス,1020,1173,0,火,ケマトリス
ケマスランツァ,ランス,316,251,0,火,ケマトリス
炎尾銃槍ケマドーラ,ガンランス,1020,1173,0,火,ケマトリス
ケマスカニョン,ガンランス,316,251,0,火,ケマトリス
炎尾弓リビオラ,弓,1020,1173,0,火,ケマトリス
ケマスアルコ,弓,316,251,0,火,ケマトリス
血宴のケルツィエ,片手剣,1205,1205,0,龍,メル・ゼナ
血爪のヴンデ,双剣,1205,1205,0,龍,メル・ゼナ
断頭のシュナイデン,大剣,1205,1205,0,龍,メル・ゼナ
裂空のフリューゲル,太刀,1205,1205,0,龍,メル・ゼナ
噛砕のザシュラ,ハンマー,1205,1205,0,龍,メル・ゼナ
串刺のプファール,ランス,1205,1205,0,龍,メル・ゼナ
焦熱のシュライエン,ガンランス,1205,1205,0,龍,メル・ゼナ
八裂のフォルター,スラッシュアックス,1205,1205,0,龍,メル・ゼナ
血鷲のアードラ,チャージアックス,1205,1205,0,龍,メル・ゼナ
葬銀のクーゲル,ライトボウガン,1205,1205,0,龍,メル・ゼナ
欲動のトーデス,ヘビィボウガン,1205,1205,0,龍,メル・ゼナ
渇望のヴァンピア,弓,1205,1205,0,龍,メル・ゼナ
魔奏のゲシュライ,狩猟笛,1205,1205,0,龍,メル・ゼナ
ローゼンメッサー改,片手剣,1197,1154,20,火,エスピナス
ローゼンメッサー,片手剣,342,230,10,火,エスピナス
ローゼンツァーン改,双剣,1197,1154,20,火,エスピナス
ローゼンツァーン,双剣,342,230,10,火,エスピナス
ローゼンブレット改,大剣,1197,1154,20,火,エスピナス
ローゼンブレット,大剣,342,230,10,火,エスピナス
ローゼンフェーダー改,太刀,1756,282,20,毒,エスピナス
ローゼンフェーダー,太刀,473,183,10,毒,エスピナス
ローゼンハンマー改,ハンマー,1197,1154,20,火,エスピナス
ローゼンハンマー,ハンマー,342,230,10,火,エスピナス
ローゼンランツェ改,ランス,1197,1154,20,火,エスピナス
ローゼンランツェ,ランス,342,230,10,火,エスピナス
ローゼンカノーネ改,ガンランス,1756,282,20,毒,エスピナス
ローゼンカノーネ,ガンランス,473,183,10,毒,エスピナス
ローゼンアカンタ改,スラッシュアックス,1197,1154,20,火,エスピナス
ローゼンアカンタ,スラッシュアックス,342,230,10,火,エスピナス
ローゼンリューペー改,チャージアックス,1756,282,20,毒,エスピナス
ローゼンリューペー,チャージアックス,473,183,10,毒,エスピナス
ローゼンゲヴェーア改,ライトボウガン,1197,1154,20,火,エスピナス
ローゼンゲヴェーア,ライトボウガン,342,230,10,火,エスピナス
ローゼンクーゲル改,ヘビィボウガン,1197,1154,20,火,エスピナス
ローゼンクーゲル,ヘビィボウガン,342,230,10,火,エスピナス
ローゼンボーゲン改,弓,1197,1154,20,火,エスピナス
ローゼンボーゲン,弓,342,230,10,火,エスピナス
ローゼンギタレ改,狩猟笛,1756,282,20,毒,エスピナス
ローゼンギタレ,狩猟笛,473,183,10,毒,エスピナス
ゴルム・ソード改,片手剣,1979,0,0,無,ガランゴルム
ゴルム・ソード,片手剣,512,0,0,無,ガランゴルム
ゴルム・ゴレム改,双剣,1979,0,0,無,ガランゴルム
ゴルム・ゴレム,双剣,512,0,0,無,ガランゴルム
ゴルム・ブレイド改,大剣,1979,0,0,無,ガランゴルム
ゴルム・ブレイド,大剣,512,0,0,無,ガランゴルム
ゴルム・カッター改,太刀,1979,0,0,無,ガランゴルム
ゴルム・カッター,太刀,512,0,0,無,ガランゴルム
ゴルム・ガベル改,ハンマー,1979,0,0,無,ガランゴルム
ゴルム・ガベル,ハンマー,512,0,0,無,ガランゴルム
ゴルム・タワー改,ランス,1979,0,0,無,ガランゴルム
ゴルム・タワー,ランス,512,0,0,無,ガランゴルム
ゴルム・ベネット改,ガンランス,1979,0,0,無,ガランゴルム
ゴルム・ベネット,ガンランス,512,0,0,無,ガランゴルム
ゴルム・アクス改,スラッシュアックス,1979,0,0,無,ガランゴルム
ゴルム・アクス,スラッシュアックス,512,0,0,無,ガランゴルム
ゴルム・ハート改,チャージアックス,1979,0,0,無,ガランゴルム
ゴルム・ハート,チャージアックス,512,0,0,無,ガランゴルム
ゴルム・アサルト改,ライトボウガン,1979,0,0,無,ガランゴルム
ゴルム・アサルト,ライトボウガン,512,0,0,無,ガランゴルム
ゴルム・カノン改,ヘビィボウガン,1979,0,0,無,ガランゴルム
ゴルム・カノン,ヘビィボウガン,512,0,0,無,ガランゴルム
ゴルム・ボーゲン改,弓,1979,0,0,無,ガランゴルム
ゴルム・ボーゲン,弓,512,0,0,無,ガランゴルム
ゴルム・ドラム改,狩猟笛,1979,0,0,無,ガランゴルム
ゴルム・ドラム,狩猟笛,512,0,0,無,ガランゴルム
冷たき月の手斧改,片手剣,1020,1173,0,氷,ルナガロン
冷たき月の手斧,片手剣,316,251,0,氷,ルナガロン
冷たき月の朱爪改,双剣,1020,1173,0,氷,ルナガロン
冷たき月の朱爪,双剣,316,251,0,氷,ルナガロン
冷たき月の断剣改,大剣,1020,1173,0,氷,ルナガロン
冷たき月の断剣,大剣,316,251,0,氷,ルナガロン
冷たき月の白刃改,太刀,1020,1173,0,氷,ルナガロン
冷たき月の白刃,太刀,316,251,0,氷,ルナガロン
冷たき月の砕鎚改,ハンマー,1020,1173,0,氷,ルナガロン
冷たき月の砕鎚,ハンマー,316,251,0,氷,ルナガロン
冷たき月の旋槍改,ランス,1020,1173,0,氷,ルナガロン
冷たき月の旋槍,ランス,316,251,0,氷,ルナガロン
冷たき月の銃槍改,ガンランス,1020,1173,0,氷,ルナガロン
冷たき月の銃槍,ガンランス,316,251,0,氷,ルナガロン
冷たき月の剣斧改,スラッシュアックス,1020,1173,0,氷,ルナガロン
冷たき月の剣斧,スラッシュアックス,316,251,0,氷,ルナガロン
冷たき月の盾斧改,チャージアックス,1020,1173,0,氷,ルナガロン
冷たき月の盾斧,チャージアックス,316,251,0,氷,ルナガロン
冷たき月の狼弩改,ライトボウガン,1020,1173,0,氷,ルナガロン
冷たき月の狼弩,ライトボウガン,316,251,0,氷,ルナガロン
冷たき月の駆動砲改,ヘビィボウガン,1020,1173,0,氷,ルナガロン
冷たき月の駆動砲,ヘビィボウガン,316,251,0,氷,ルナガロン
冷たき月の弓改,弓,1020,1173,0,氷,ルナガロン
冷たき月の弓,弓,316,251,0,氷,ルナガロン
冷たき月の弦楽器改,狩猟笛,1020,1173,0,氷,ルナガロン
冷たき月の弦楽器,狩猟笛,316,251,0,氷,ルナガロン
ヒュドロスディスク,片手剣,1328,1074,20,水,ネロミェール
ネロ・トルナリア,太刀,1328,1074,20,水,ネロミェール
ヒュドロスウーラ,ランス,1328,1074,20,水,ネロミェール
ネロ・エフィーラ,ガンランス,1328,1074,20,水,ネロミェール
ネロ・ストロビラ,スラッシュアックス,1328,1074,20,水,ネロミェール
ヒュドロスカルディア,チャージアックス,1328,1074,20,水,ネロミェール
ネロ・アクチヌラ,ライトボウガン,1328,1074,20,水,ネロミェール
ヒュドロスライモス,ヘビィボウガン,1328,1074,20,水,ネロミェール
ネロ・プラヌラ,弓,1328,1074,20,水,ネロミェール
ヒュドロスホルン,狩猟笛,1328,1074,20,水,ネロミェール
ヒドゥンエッジ改,片手剣,1738,0,40,無,ナルガクルガ
ヒドゥンエッジ,片手剣,466,0,25,無,ナルガクルガ
ヒドゥントマホーク,双剣,1738,0,40,無,ナルガクルガ
ヒドゥンブレイズ,大剣,1738,0,40,無,ナルガクルガ
ヒドゥンサーベル改,太刀,1738,0,40,無,ナルガクルガ
ヒドゥンサーベル,太刀,466,0,25,無,ナルガクルガ
ヒドゥンブレイカー改,ハンマー,1738,0,40,無,ナルガクルガ
ヒドゥンブレイカー,ハンマー,466,0,25,無,ナルガクルガ
ヒドゥンハスター,ランス,1738,0,40,無,ナルガクルガ
ヒドゥンキャノン,ガンランス,1738,0,40,無,ナルガクルガ
ヒドゥンアックス改,スラッシュアックス,1738,0,40,無,ナルガクルガ
ヒドゥンアックス,スラッシュアックス,466,0,25,無,ナルガクルガ
ヒドゥンガーディアン,チャージアックス,1738,0,40,無,ナルガクルガ
ヒドゥンバレット,ライトボウガン,1738,0,40,無,ナルガクルガ
ヒドゥンスナイパー改,ヘビィボウガン,1738,0,40,無,ナルガクルガ
ヒドゥンスナイパー,ヘビィボウガン,466,0,25,無,ナルガクルガ
ヒドゥンボウ改,弓,1738,0,40,無,ナルガクルガ
ヒドゥンボウ,弓,466,0,25,無,ナルガクルガ
ヒドゥントーン改,狩猟笛,1738,0,40,無,ナルガクルガ
ヒドゥントーン,狩猟笛,466,0,25,無,ナルガクルガ
ブランハチェット,双剣,1293,910,0,氷,ブラントドス
ブランスラッシャー,大剣,1293,910,0,氷,ブラントドス
ディープシュネーゲル,チャージアックス,1293,910,0,氷,ブラントドス
ブランシューター,ライトボウガン,1293,910,0,氷,ブラントドス
大天具・伏剣フドウ,片手剣,1764,0,0,無,ビシュテンゴ
天具・調伏の剣,片手剣,486,0,0,無,ビシュテンゴ
大天具・鈷槌コンゴウ,ハンマー,1764,0,0,無,ビシュテンゴ
天具・五鈷の槌,ハンマー,486,0,0,無,ビシュテンゴ
大天具・輪斧グンダリ,スラッシュアックス,1764,0,0,無,ビシュテンゴ
天具・法輪の斧,スラッシュアックス,486,0,0,無,ビシュテンゴ
大天具・花銃グセ,ライトボウガン,1764,0,0,無,ビシュテンゴ
天具・常花の銃,ライトボウガン,486,0,0,無,ビシュテンゴ
大天具・杖弩ジゾウ,ヘビィボウガン,1764,0,0,無,ビシュテンゴ
天具・錫杖の弩,ヘビィボウガン,486,0,0,無,ビシュテンゴ
大天具・光弓アイゼン,弓,1516,496,0,無,ビシュテンゴ
天具・光背の弓,弓,409,298,0,無,ビシュテンゴ
ダーティーファニング,片手剣,1647,307,10,毒,ドスフロギィ
ダーティーバロン,片手剣,448,176,10,毒,ドスフロギィ
ザ・キッド,双剣,1647,307,10,毒,ドスフロギィ
デスペラード,双剣,448,176,10,毒,ドスフロギィ
ポイズンヘケト,太刀,1647,307,10,毒,ドスフロギィ
フロギィソード,太刀,448,176,10,毒,ドスフロギィ
ダーティイロード,ハンマー,1647,307,10,毒,ドスフロギィ
フロギィロード,ハンマー,448,176,10,毒,ドスフロギィ
ダーティリボルバー,弓,1647,307,10,毒,ドスフロギィ
フロギィリボルバー,弓,448,176,10,毒,ドスフロギィ
双剣オオナズチ,双剣,1741,505,0,毒,オオナズチ
アミナスシャムシール,大剣,1741,505,0,毒,オオナズチ
ファントムミラージュ,太刀,1741,505,0,毒,オオナズチ
幻惑のディアマルト,ハンマー,1741,505,0,毒,オオナズチ
ベナムデトワレ,ガンランス,1741,505,0,毒,オオナズチ
幻視のバロール,スラッシュアックス,1741,505,0,毒,オオナズチ
幻想のクリズモス,チャージアックス,1741,505,0,毒,オオナズチ
マジナイランプ,ライトボウガン,2041,0,0,無,オオナズチ
カーマヒトバーレ,ヘビィボウガン,2041,0,0,無,オオナズチ
魔導弓アルマデール,弓,1741,505,0,毒,オオナズチ
マジナイオカリナ,狩猟笛,1741,505,0,毒,オオナズチ
ディノバトラー,片手剣,1318,1261,-30,火,ディノバルド
灼炎のロガー改,双剣,1318,1261,-30,火,ディノバルド
灼炎のロガー,双剣,368,292,-30,火,ディノバルド
ディノブレイズ,大剣,1318,1261,-30,火,ディノバルド
ディノスパーダ,太刀,1318,1261,-30,火,ディノバルド
灼炎のイシャター改,ハンマー,1318,1261,-30,火,ディノバルド
灼炎のイシャター,ハンマー,368,292,-30,火,ディノバルド
灼炎のスヴァロー改,ランス,1318,1261,-30,火,ディノバルド
灼炎のスヴァロー,ランス,368,292,-30,火,ディノバルド
ディノバスター,ガンランス,1318,1261,-30,火,ディノバルド
ディノスマッシャー,スラッシュアックス,1318,1261,-30,火,ディノバルド
灼炎のディマンダー改,チャージアックス,1318,1261,-30,火,ディノバルド
灼炎のディマンダー,チャージアックス,368,292,-30,火,ディノバルド
ディノブリッツ,ライトボウガン,1318,1261,-30,火,ディノバルド
灼炎のイグナー,ヘビィボウガン,1318,1261,-30,火,ディノバルド
ディノアロー,弓,1318,1261,-30,火,ディノバルド
灼炎のフランアニマー改,狩猟笛,1318,1261,-30,火,ディノバルド
灼炎のフランアニマー,狩猟笛,368,292,-30,火,ディノバルド
青熊双鉞【足柄】,双剣,1971,0,-20,無,アオアシラ
青熊双鉞,双剣,520,0,-20,無,アオアシラ
青熊長筆【留跳】,太刀,1971,0,-20,無,アオアシラ
青熊薙,太刀,520,0,-20,無,アオアシラ
ステグマ【弐之型】,ハンマー,1971,0,-20,無,アオアシラ
ステグマ【壱之型】,ハンマー,520,0,-20,無,アオアシラ
青熊豪斧【山祭】,スラッシュアックス,1971,0,-20,無,アオアシラ
青熊斧,スラッシュアックス,520,0,-20,無,アオアシラ
青熊轟筒【川漁】,ヘビィボウガン,1971,0,-20,無,アオアシラ
青熊筒,ヘビィボウガン,520,0,-20,無,アオアシラ
青熊剛弓【蜜壺】,弓,1971,0,-20,無,アオアシラ
青熊弓,弓,520,0,-20,無,アオアシラ
ドラグマ【弐式】,狩猟笛,1971,0,-20,無,アオアシラ
ドラグマ【壱式】,狩猟笛,520,0,-20,無,アオアシラ
纏剣カータトルァ,片手剣,1834,0,10,無,チャタカブラ
チャタクラブ,片手剣,492,0,10,無,チャタカブラ
纏槌ハシャハトゥリ,ハンマー,1834,0,10,無,チャタカブラ
チャタハンマー,ハンマー,492,0,10,無,チャタカブラ
纏盾斧ジャマカクタル,チャージアックス,1834,0,10,無,チャタカブラ
チャタアームズ,チャージアックス,492,0,10,無,チャタカブラ
纏砲モッティカマン,ヘビィボウガン,1834,0,10,無,チャタカブラ
チャタバスター,ヘビィボウガン,492,0,10,無,チャタカブラ
爆鱗双斧バゼルホーク,双剣,1942,297,-30,爆破,バゼルギウス
爆鱗の手斧,双剣,495,201,-30,爆破,バゼルギウス
爆鱗刀バゼルバルガー,太刀,1942,297,-30,爆破,バゼルギウス
爆鱗の大刀,太刀,495,201,-30,爆破,バゼルギウス
爆鱗槍バゼルミニアド,ランス,1942,297,-30,爆破,バゼルギウス
爆鱗の突撃槍,ランス,495,201,-30,爆破,バゼルギウス
バゼルバスター,ガンランス,1942,297,-30,爆破,バゼルギウス
バゼルレイダー,スラッシュアックス,1942,297,-30,爆破,バゼルギウス
バゼルタイフーン,ライトボウガン,1318,1261,-30,火,バゼルギウス
爆鱗鼓バゼルライド,狩猟笛,1942,297,-30,爆破,バゼルギウス
爆鱗の太鼓,狩猟笛,495,201,-30,爆破,バゼルギウス
雷刃,片手剣,1205,1305,0,雷,キリン
迅雷,双剣,1205,1305,0,雷,キリン
召雷剣,大剣,1205,1305,0,雷,キリン
雷槍,ランス,1205,1305,0,雷,キリン
雷斧,スラッシュアックス,1205,1305,0,雷,キリン
幻獣筒,ライトボウガン,1205,1305,0,雷,キリン
クイックキャスト,ヘビィボウガン,1205,1305,0,雷,キリン
雷鳴ノ笛,狩猟笛,1205,1305,0,雷,キリン
吼剣【地咬】,片手剣,2198,0,-10,無,ティガレックス亜種
カーサスクロウ,片手剣,564,0,-10,無,ティガレックス亜種
カーサスチェーン,双剣,2198,0,-10,無,ティガレックス亜種
吼大剣【荒咬】,大剣,2198,0,-10,無,ティガレックス亜種
カーサスブレイド,大剣,564,0,-10,無,ティガレックス亜種
吼虎刀【餓咬】,太刀,2198,0,-10,無,ティガレックス亜種
吼虎刀,太刀,564,0,-10,無,ティガレックス亜種
吼槍【逆咬】,ランス,2198,0,-10,無,ティガレックス亜種
カーサススティンガー,ランス,564,0,-10,無,ティガレックス亜種
吼銃槍【焔咬】,ガンランス,2198,0,-10,無,ティガレックス亜種
カーサスバースト,ガンランス,564,0,-10,無,ティガレックス亜種
カーサスレイダー,スラッシュアックス,2198,0,-10,無,ティガレックス亜種
カーサスアームズ,チャージアックス,2198,0,-10,無,ティガレックス亜種
カーサスファイア,ライトボウガン,2198,0,-10,無,ティガレックス亜種
カーサスハウリング,ヘビィボウガン,2198,0,-10,無,ティガレックス亜種
カーサスアーク,弓,1734,400,-10,爆破,ティガレックス亜種
吼鼓【鬼咬】,狩猟笛,2198,0,-10,無,ティガレックス亜種
カーサスドラゴング,狩猟笛,564,0,-10,無,ティガレックス亜種
レックスクロウ改,片手剣,2198,0,-40,無,ティガレックス
レックスクロウ,片手剣,564,0,-40,無,ティガレックス
レックスチェーン,双剣,2198,0,-40,無,ティガレックス
ティガノアギト改,大剣,2198,0,-40,無,ティガレックス
ティガノアギト,大剣,564,0,-40,無,ティガレックス
一虎刀改,太刀,2198,0,-40,無,ティガレックス
一虎刀,太刀,564,0,-40,無,ティガレックス
ストライプストライク改,ハンマー,2198,0,-40,無,ティガレックス
ストライプストライク,ハンマー,564,0,-40,無,ティガレックス
ティガスティンガー改,ランス,2198,0,-40,無,ティガレックス
ティガスティンガー,ランス,564,0,-40,無,ティガレックス
ティガバースト改,ガンランス,2198,0,-40,無,ティガレックス
ティガバースト,ガンランス,564,0,-40,無,ティガレックス
レックスレイダー改,スラッシュアックス,2198,0,-40,無,ティガレックス
レックスレイダー,スラッシュアックス,564,0,-40,無,ティガレックス
レックスアームズ,チャージアックス,2198,0,-40,無,ティガレックス
レックスファイア,ライトボウガン,2198,0,-40,無,ティガレックス
レックスハウル改,ヘビィボウガン,2198,0,-40,無,ティガレックス
レックスハウル,ヘビィボウガン,564,0,-40,無,ティガレックス
レックスボウ,弓,2198,0,-40,無,ティガレックス
ストライプドラコング改,狩猟笛,2198,0,-40,無,ティガレックス
ストライプドラコング,狩猟笛,564,0,-40,無,ティガレックス
夢幻のメロウクロウ,双剣,1567,496,-15,睡眠,イソネミクニ
メロウクロウ,双剣,427,298,-15,睡眠,イソネミクニ
夢幻のメロウドロウ,大剣,1567,496,-15,睡眠,イソネミクニ
メロウドロウ,大剣,427,298,-15,睡眠,イソネミクニ
夢幻のメロウバウ,太刀,1567,496,-15,睡眠,イソネミクニ
メロウバウ,太刀,427,298,-15,睡眠,イソネミクニ
夢幻のメロウブロウ,ハンマー,1567,496,-15,睡眠,イソネミクニ
メロウブロウ,ハンマー,427,298,-15,睡眠,イソネミクニ
夢幻のメロウベロウ,チャージアックス,1567,496,-15,睡眠,イソネミクニ
メロウベロウ,チャージアックス,427,298,-15,睡眠,イソネミクニ
夢幻のメロウフォロウ,狩猟笛,1567,496,-15,睡眠,イソネミクニ
メロウフォロウ,狩猟笛,427,298,-15,睡眠,イソネミクニ
甲鎚ゴグマ,ハンマー,1516,496,0,無,ラングロトラ
バインドバウンド,ハンマー,409,298,0,無,ラングロトラ
ラングスイープ,ランス,1516,496,0,無,ラングロトラ
ラングストローク,ランス,409,298,0,無,ラングロトラ
ブレイクランアウト,ガンランス,1516,496,0,無,ラングロトラ
ブレイクショット,ガンランス,409,298,0,無,ラングロトラ
ヴァーミリンガー,スラッシュアックス,1516,496,0,無,ラングロトラ
バウンドローラー,スラッシュアックス,409,298,0,無,ラングロトラ
甲盾斧ロタシオン,チャージアックス,1516,496,0,無,ラングロトラ
ラウンドホイラー,チャージアックス,409,298,0,無,ラングロトラ
転弩エイトボール,ヘビィボウガン,1878,0,0,無,ラングロトラ
キャロムボール,ヘビィボウガン,500,0,0,無,ラングロトラ
スノウジェミニ,双剣,1588,632,0,氷,ウルクスス
スノウツインズ,双剣,417,138,0,氷,ウルクスス
白兎大剣シャーロット,大剣,1588,632,0,氷,ウルクスス
スノウクラッド,大剣,417,138,0,氷,ウルクスス
白兎刃【氷棘】,太刀,1588,632,0,氷,ウルクスス
白兎刃,太刀,417,138,0,氷,ウルクスス
ウルクスレイ,ガンランス,1588,632,0,氷,ウルクスス
ウルクスキー,ガンランス,417,138,0,氷,ウルクスス
白兎剣斧ネーヴェスレ,スラッシュアックス,1588,632,0,氷,ウルクスス
白兎剣斧,スラッシュアックス,417,138,0,氷,ウルクスス
スレイペンギング,ヘビィボウガン,1588,632,0,氷,ウルクスス
スレイペンギーゴ,ヘビィボウガン,417,138,0,氷,ウルクスス
討滅の尖兵,片手剣,1553,974,0,龍,ネルギガンテ
残滅の爪,双剣,1553,974,0,龍,ネルギガンテ
滅鬼の狂器,大剣,1553,974,0,龍,ネルギガンテ
滅尽の一刀,太刀,1553,974,0,龍,ネルギガンテ
潰滅の一撃,ハンマー,1553,974,0,龍,ネルギガンテ
亡滅の腕,ランス,1553,974,0,龍,ネルギガンテ
焼滅の種火,ガンランス,1553,974,0,龍,ネルギガンテ
断滅の一閃,スラッシュアックス,1553,974,0,龍,ネルギガンテ
壊滅の一束,チャージアックス,1553,974,0,龍,ネルギガンテ
破滅の引金,ライトボウガン,1553,974,0,龍,ネルギガンテ
撃滅の砲火,ヘビィボウガン,1553,974,0,龍,ネルギガンテ
必滅の一矢,弓,1553,974,0,龍,ネルギガンテ
寂滅の一節,狩猟笛,1553,974,0,龍,ネルギガンテ
禍ツ剣ノ幽鬼アフティ,片手剣,1516,496,0,爆破,マガイマガド
禍ツ剣【封】,片手剣,409,298,0,爆破,マガイマガド
禍ツ刃ノ幽鬼イステヤ,双剣,1516,496,0,爆破,マガイマガド
禍ツ刃【封】,双剣,409,298,0,爆破,マガイマガド
禍ツ大剣ノ幽鬼ムダン,大剣,1516,496,0,爆破,マガイマガド
禍ツ大剣【封】,大剣,409,298,0,爆破,マガイマガド
禍ツ太刀ノ幽鬼アガラ,太刀,1516,496,0,爆破,マガイマガド
禍ツ太刀【封】,太刀,409,298,0,爆破,マガイマガド
禍ツ槌ノ幽鬼グラージ,ハンマー,1516,496,0,爆破,マガイマガド
禍ツ槌【封】,ハンマー,409,298,0,爆破,マガイマガド
禍ツ槍ノ幽鬼ラコレー,ランス,1516,496,0,爆破,マガイマガド
禍ツ槍【封】,ランス,409,298,0,爆破,マガイマガド
禍ツ砲槍ノ幽鬼レコル,ガンランス,1516,496,0,爆破,マガイマガド
禍ツ砲槍【封】,ガンランス,409,298,0,爆破,マガイマガド
禍ツ斧ノ幽鬼シムタス,スラッシュアックス,1516,496,0,爆破,マガイマガド
禍ツ斧【封】,スラッシュアックス,409,298,0,爆破,マガイマガド
禍ツ鉞ノ幽鬼グロル,チャージアックス,1516,496,0,爆破,マガイマガド
禍ツ鉞【封】,チャージアックス,409,298,0,爆破,マガイマガド
禍ツ弩ノ幽鬼ドシュー,ライトボウガン,1878,0,0,爆破,マガイマガド
禍ツ弩【封】,ライトボウガン,500,0,0,爆破,マガイマガド
禍ツ大筒ノ幽鬼セッド,ヘビィボウガン,1878,0,0,爆破,マガイマガド
禍ツ大筒【封】,ヘビィボウガン,500,0,0,爆破,マガイマガド
禍ツ弓ノ幽鬼キューヌ,弓,1516,496,0,爆破,マガイマガド
禍ツ弓【封】,弓,409,298,0,爆破,マガイマガド
禍ツ琵琶ノ幽鬼ウラザ,狩猟笛,1516,496,0,爆破,マガイマガド
禍ツ琵琶【封】,狩猟笛,409,298,0,爆破,マガイマガド
金獣棍【禁忌】,片手剣,1318,1261,-30,雷,ラージャン
金獣棍,片手剣,368,292,-30,雷,ラージャン
闘神鬼【大嶽丸】,双剣,1318,1261,-30,雷,ラージャン
闘鬼【高丸】,双剣,368,292,-30,雷,ラージャン
大鬼金棒,大剣,1318,1261,-30,雷,ラージャン
鬼金棒,大剣,368,292,-30,雷,ラージャン
大鬼薙刀,太刀,1318,1261,-30,雷,ラージャン
鬼薙刀,太刀,368,292,-30,雷,ラージャン
怒髪豪ダイラージャン,ハンマー,1318,1261,-30,雷,ラージャン
怒髪鎚,ハンマー,368,292,-30,雷,ラージャン
大鬼槍ラージャン,ランス,1318,1261,-30,雷,ラージャン
鬼槍ラージャン,ランス,368,292,-30,雷,ラージャン
雷鬼銃槍ドラガン,ガンランス,1318,1261,-30,雷,ラージャン
鬼銃槍,ガンランス,368,292,-30,雷,ラージャン
金剛剣斧カンナリ,スラッシュアックス,1318,1261,-30,雷,ラージャン
金剛剣斧,スラッシュアックス,368,292,-30,雷,ラージャン
金剛盾斧イカヅチ,チャージアックス,1318,1261,-30,雷,ラージャン
金剛盾斧,チャージアックス,368,292,-30,雷,ラージャン
金獅子筒【万雷】,ライトボウガン,1318,1261,-30,雷,ラージャン
ラージャンデグ,ライトボウガン,368,292,-30,雷,ラージャン
金獅子砲【重雷】,ヘビィボウガン,1318,1261,-30,雷,ラージャン
金獅子砲,ヘビィボウガン,368,292,-30,雷,ラージャン
雷弓【百獣王】,弓,1318,1261,-30,雷,ラージャン
雷弓【獣王】,弓,368,292,-30,雷,ラージャン
電電太鼓【雷轟】,狩猟笛,1318,1261,-30,雷,ラージャン
電電太鼓,狩猟笛,368,292,-30,雷,ラージャン
暁の双剣シルツァリ,双剣,1588,632,0,火,アケノシルム
シルムズベネット,双剣,417,138,0,火,アケノシルム
暁の大剣シルヴァリエ,大剣,1588,632,0,火,アケノシルム
シルムズブレイド,大剣,417,138,0,火,アケノシルム
暁の刺刀シルカヴァレ,太刀,1588,632,0,火,アケノシルム
シルムズサーブル,太刀,417,138,0,火,アケノシルム
暁の突槍シルリッター,ランス,1588,632,0,火,アケノシルム
シルムズランシア,ランス,417,138,0,火,アケノシルム
暁の銃槍シルエクス,ガンランス,1588,632,0,火,アケノシルム
シルムズガリング,ガンランス,417,138,0,火,アケノシルム
暁の剣斧シルファリス,スラッシュアックス,1588,632,0,火,アケノシルム
シルムズファーネ,スラッシュアックス,417,138,0,火,アケノシルム
テオ＝エンブレム,片手剣,1684,502,0,爆破,テオ・テスカトル
キングテスカブレイド,大剣,1684,502,0,爆破,テオ・テスカトル
帝王刀【陽炎】,太刀,1684,502,0,爆破,テオ・テスカトル
テオ＝クラリア,ハンマー,1684,502,0,爆破,テオ・テスカトル
テオ＝ロア,ランス,1684,502,0,爆破,テオ・テスカトル
テオ＝キャッスル,スラッシュアックス,1684,502,0,爆破,テオ・テスカトル
テオ＝ノヴァ,チャージアックス,1684,502,0,爆破,テオ・テスカトル
炎王焔弩【烈火】,ライトボウガン,1553,974,0,火,テオ・テスカトル
テオ＝フランマルス,ヘビィボウガン,1553,974,0,火,テオ・テスカトル
勇猛と光明の凄烈弓,弓,1684,502,0,爆破,テオ・テスカトル
テオ＝オルフェス,狩猟笛,1684,502,0,爆破,テオ・テスカトル
くれなゐの色扇の薄重,片手剣,1138,1156,20,水,タマミツネ
狐扇ハナノナゴリヲ,片手剣,335,230,10,水,タマミツネ
つるぎたち研刃の切耶,双剣,1138,1156,20,水,タマミツネ
狐双刃アカツキノソラ,双剣,335,230,10,水,タマミツネ
あかねさす紫剣の朝斬,大剣,1138,1156,20,水,タマミツネ
狐大剣ハナヤコヨヒノ,大剣,335,230,10,水,タマミツネ
たまのをの絶刀の斬振,太刀,1138,1156,20,水,タマミツネ
狐刀カカルクモナキ,太刀,335,230,10,水,タマミツネ
おきつなみ撓槌の華石,ハンマー,1138,1156,20,水,タマミツネ
狐鎚ツキヲイザナイ,ハンマー,335,230,10,水,タマミツネ
きみがきる笠槍の突刺,ランス,1138,1156,20,水,タマミツネ
狐槍ハナモハナナレ,ランス,335,230,10,水,タマミツネ
さばへなす荒槍の水守,ガンランス,1138,1156,20,水,タマミツネ
狐灯槍ウキヨノヤミヲ,ガンランス,335,230,10,水,タマミツネ
にはたづみ流斧の彫字,スラッシュアックス,1138,1156,20,水,タマミツネ
狐剣斧ワカレヲサソフ,スラッシュアックス,335,230,10,水,タマミツネ
しろたへの衣斧の御帝,チャージアックス,1138,1156,20,水,タマミツネ
狐衣斧ミズニヤドレル,チャージアックス,335,230,10,水,タマミツネ
あまとぶや軽弩の水珠,ライトボウガン,1138,1156,20,水,タマミツネ
狐水銃シズクトキユル,ライトボウガン,335,230,10,水,タマミツネ
あしひきの山砲の御車,ヘビィボウガン,1138,1156,20,水,タマミツネ
狐重砲ハライニケリナ,ヘビィボウガン,335,230,10,水,タマミツネ
なぐるやの遠弓の真弦,弓,1138,1156,20,水,タマミツネ
狐弓ツユノタマノヲ,弓,335,230,10,水,タマミツネ
なるかみの音鈴の乙鳴,狩猟笛,1138,1156,20,水,タマミツネ
狐鈴コトノハナクテ,狩猟笛,335,230,10,水,タマミツネ
エストレモ＝ダオラ,片手剣,1553,974,0,氷,クシャルダオラ
ルプス＝ダオラ,双剣,1553,974,0,氷,クシャルダオラ
ダオラ＝デグニダル,大剣,1553,974,0,氷,クシャルダオラ
ダオラ＝レイド,太刀,1553,974,0,氷,クシャルダオラ
コロサル＝ダオラ,ハンマー,1553,974,0,氷,クシャルダオラ
テリオス＝ダオラ,ランス,1553,974,0,氷,クシャルダオラ
ダオラ＝ブリジア,ガンランス,1553,974,0,氷,クシャルダオラ
ジャナフ＝ダオラ,スラッシュアックス,1553,974,0,氷,クシャルダオラ
ダオラ＝ゲンム,チャージアックス,1553,974,0,氷,クシャルダオラ
ホーネス＝ダオラ,ライトボウガン,1553,974,0,氷,クシャルダオラ
グラン＝ダオラ,ヘビィボウガン,1553,974,0,氷,クシャルダオラ
アルナス＝ダオラ,弓,1553,974,0,氷,クシャルダオラ
バフォムル＝ダオラ,狩猟笛,1553,974,0,氷,クシャルダオラ
ペインフルレイザー,片手剣,1194,913,20,雷,フルフル
フルレイザー,片手剣,337,184,10,雷,フルフル
フルミナントブレード,大剣,1194,913,20,雷,フルフル
フルミナントソード,大剣,337,184,10,雷,フルフル
雷鎚フルフル,ハンマー,1194,913,20,雷,フルフル
フクロダタキ,ハンマー,337,184,10,雷,フルフル
雷銃槍フルボルト,ガンランス,1194,913,20,雷,フルフル
フルボルテージ,ガンランス,337,184,10,雷,フルフル
フルシャルマキス,スラッシュアックス,1194,913,20,雷,フルフル
フルフルツール,スラッシュアックス,337,184,10,雷,フルフル
フルーミィシリンジ,ライトボウガン,1194,913,20,雷,フルフル
フルットシリンジ,ライトボウガン,337,184,10,雷,フルフル
フルネイルカイル,弓,1194,913,20,雷,フルフル
フルフルボウ,弓,337,184,10,雷,フルフル
フルフルフルート,狩猟笛,1194,913,20,雷,フルフル
フルフルホルン,狩猟笛,337,184,10,雷,フルフル
タイタンマカエラ,太刀,1666,527,-15,火,バサルモス
ギガントマカエラ,太刀,464,131,-15,火,バサルモス
バサルバッシュ,ハンマー,1874,0,-15,無,バサルモス
バサルブロウ,ハンマー,559,0,-15,無,バサルモス
ヴェノムスクウィード,ランス,1671,342,-15,毒,バサルモス
ヴェノムランス,ランス,465,234,-15,毒,バサルモス
タイタンアームズ,チャージアックス,1671,342,-15,毒,バサルモス
ギガントアームズ,チャージアックス,465,234,-15,毒,バサルモス
グレネードリボルバー,ライトボウガン,1666,527,-15,火,バサルモス
グレネードボウガン,ライトボウガン,464,131,-15,火,バサルモス
アースイーター,ヘビィボウガン,1666,527,-15,火,バサルモス
ロックイーター,ヘビィボウガン,464,131,-15,火,バサルモス
ギガンズ＝ロック,狩猟笛,1666,527,-15,火,バサルモス
ガンズ＝ロック,狩猟笛,464,131,-15,火,バサルモス
フェイタルヴァイト,片手剣,1318,1261,-30,龍,イビルジョー
フェイタルジョー,片手剣,368,292,-30,龍,イビルジョー
ラースプレデター,双剣,1318,1261,-30,龍,イビルジョー
憤怒の双刃,双剣,368,292,-30,龍,イビルジョー
アングイッシュ,大剣,1318,1261,-30,龍,イビルジョー
ベルセルクソード,大剣,368,292,-30,龍,イビルジョー
カラミティペイン,太刀,1318,1261,-30,龍,イビルジョー
クルーエルペイン,太刀,368,292,-30,龍,イビルジョー
カオスラッシュ,ハンマー,1318,1261,-30,龍,イビルジョー
混沌の鎚,ハンマー,368,292,-30,龍,イビルジョー
アトロシスタワー,ランス,1318,1261,-30,龍,イビルジョー
悲哀の重槍,ランス,368,292,-30,龍,イビルジョー
暴銃槍グラグリード,ガンランス,1318,1261,-30,龍,イビルジョー
愚欲の銃槍,ガンランス,368,292,-30,龍,イビルジョー
テラーテュランノス,スラッシュアックス,1318,1261,-30,龍,イビルジョー
テュランノス,スラッシュアックス,368,292,-30,龍,イビルジョー
デストネーター,チャージアックス,1318,1261,-30,龍,イビルジョー
暴虐の盾斧,チャージアックス,368,292,-30,龍,イビルジョー
マッドネスグリーフ,ライトボウガン,1318,1261,-30,龍,イビルジョー
イビルマシーン,ライトボウガン,368,292,-30,龍,イビルジョー
アンフィニグラ,ヘビィボウガン,1318,1261,-30,龍,イビルジョー
暴食の重弩,ヘビィボウガン,368,292,-30,龍,イビルジョー
ヴィランブレイス,弓,1318,1261,-30,龍,イビルジョー
暴徒の凶弓,弓,368,292,-30,龍,イビルジョー
ディープヴェロウ,狩猟笛,1318,1261,-30,龍,イビルジョー
鎖縛の暴竜,狩猟笛,368,292,-30,龍,イビルジョー
死罪【デスロウ】,双剣,1138,1156,20,龍,オドガロン亜種
冥府の鎖鎌,双剣,335,230,10,龍,オドガロン亜種
兇槍デスガロン,ランス,1138,1156,20,龍,オドガロン亜種
死怨【グラッジ】,チャージアックス,1138,1156,20,龍,オドガロン亜種
冥府の炎,チャージアックス,335,230,10,龍,オドガロン亜種
死霊【ゴースト】,ライトボウガン,1138,1156,20,龍,オドガロン亜種
冥府の銃火,ライトボウガン,335,230,10,龍,オドガロン亜種
血吸いの鎖鎌,双剣,1719,0,20,無,オドガロン
ガロンハチェット,双剣,457,0,5,無,オドガロン
ガロンダーラ,ランス,1719,0,20,無,オドガロン
ガロンランス,ランス,457,0,5,無,オドガロン
憎しみの炎,チャージアックス,1719,0,20,無,オドガロン
ガロンアームズ,チャージアックス,457,0,5,無,オドガロン
宿命の火,ライトボウガン,1719,0,20,無,オドガロン
ガロンライフル,ライトボウガン,457,0,5,無,オドガロン
デュエルデステリオ,双剣,1588,632,0,雷,ツィツィヤック
イルミナルダガー,双剣,417,138,0,雷,ツィツィヤック
眩惑刀【閃】,太刀,1588,632,0,雷,ツィツィヤック
眩刀【揺】,太刀,417,138,0,雷,ツィツィヤック
アルマデステリオ,ヘビィボウガン,1588,632,0,雷,ツィツィヤック
イルミナルアサルト,ヘビィボウガン,417,138,0,雷,ツィツィヤック
王牙剣【折雷】,片手剣,1221,1142,0,雷,ジンオウガ
王剣シツライ改,片手剣,958,835,0,雷,ジンオウガ
王剣シツライ,片手剣,361,232,0,雷,ジンオウガ
王牙双刃【土雷】,双剣,1221,1142,0,雷,ジンオウガ
王双刃ハタタカミ改,双剣,958,835,0,雷,ジンオウガ
王双刃ハタタカミ,双剣,361,232,0,雷,ジンオウガ
迅雷の断裂斧,大剣,1221,1142,0,雷,ジンオウガ
王牙刀【伏雷】,太刀,1221,1142,0,雷,ジンオウガ
王刀ライキリ改,太刀,958,835,0,雷,ジンオウガ
王刀ライキリ,太刀,361,232,0,雷,ジンオウガ
王牙鎚【大雷】,ハンマー,1221,1142,0,雷,ジンオウガ
王鎚カミナリ改,ハンマー,958,835,0,雷,ジンオウガ
王鎚カミナリ,ハンマー,361,232,0,雷,ジンオウガ
迅雷の疾槍,ランス,1221,1142,0,雷,ジンオウガ
王牙銃槍【火雷】,ガンランス,1221,1142,0,雷,ジンオウガ
王銃槍ゴウライ改,ガンランス,958,835,0,雷,ジンオウガ
王銃槍ゴウライ,ガンランス,361,232,0,雷,ジンオウガ
迅雷の剣斧,スラッシュアックス,1221,1142,0,雷,ジンオウガ
王牙斧盾【風雷】,チャージアックス,1221,1142,0,雷,ジンオウガ
王盾斧ライモン改,チャージアックス,958,835,0,雷,ジンオウガ
王盾斧ライモン,チャージアックス,361,232,0,雷,ジンオウガ
王牙弩【野雷】,ライトボウガン,1221,1142,0,雷,ジンオウガ
王弩ライカン改,ライトボウガン,958,835,0,雷,ジンオウガ
王弩ライカン,ライトボウガン,361,232,0,雷,ジンオウガ
王牙砲【震雷】,ヘビィボウガン,1221,1142,0,雷,ジンオウガ
王砲ライゴウ改,ヘビィボウガン,958,835,0,雷,ジンオウガ
王砲ライゴウ,ヘビィボウガン,361,232,0,雷,ジンオウガ
王牙弓【稚雷】,弓,1221,1142,0,雷,ジンオウガ
王弓エンライ改,弓,958,835,0,雷,ジンオウガ
王弓エンライ,弓,361,232,0,雷,ジンオウガ
王牙琴【鳴雷】,狩猟笛,1221,1142,0,雷,ジンオウガ
王琴トドロキ改,狩猟笛,958,835,0,雷,ジンオウガ
王琴トドロキ,狩猟笛,361,232,0,雷,ジンオウガ
アイシクルスパイク改,片手剣,1191,910,20,氷,ベリオロス
アイシクルスパイク,片手剣,334,181,10,氷,ベリオロス
ニヴルブリザード改,双剣,1191,910,20,氷,ベリオロス
ニヴルブリザード,双剣,334,181,10,氷,ベリオロス
アイシクルファング改,大剣,1191,910,20,氷,ベリオロス
アイシクルファング,大剣,334,181,10,氷,ベリオロス
氷牙刀【琥珀】,太刀,1191,910,20,氷,ベリオロス
アイシクルバッシュ,ハンマー,1191,910,20,氷,ベリオロス
トゥースランス改,ランス,1191,910,20,氷,ベリオロス
トゥースランス,ランス,334,181,10,氷,ベリオロス
デュアルトゥース改,ガンランス,1191,910,20,氷,ベリオロス
デュアルトゥース,ガンランス,334,181,10,氷,ベリオロス
アンバースラッシュ改,スラッシュアックス,1191,910,20,氷,ベリオロス
アンバースラッシュ,スラッシュアックス,334,181,10,氷,ベリオロス
ヴァイスリッター改,チャージアックス,1191,910,20,氷,ベリオロス
ヴァイスリッター,チャージアックス,334,181,10,氷,ベリオロス
ブリザードカノン改,ライトボウガン,1191,910,20,氷,ベリオロス
ブリザードカノン,ライトボウガン,334,181,10,氷,ベリオロス
アイシクルアサルト,ヘビィボウガン,1191,910,20,氷,ベリオロス
アイシクルブリザード,弓,1191,910,20,氷,ベリオロス
アイシクルホルン,狩猟笛,1191,910,20,氷,ベリオロス
巨牛の大骨,双剣,1764,0,0,無,バフバロ
巨牛の大斧,大剣,1764,0,0,無,バフバロ
巨牛の大太刀,太刀,1764,0,0,無,バフバロ
巨牛の大蹄,ハンマー,1764,0,0,無,バフバロ
巨牛の大銃槍,ガンランス,1764,0,0,無,バフバロ
巨牛の大剣斧,スラッシュアックス,1764,0,0,無,バフバロ
巨牛の大弩,ライトボウガン,1764,0,0,無,バフバロ
巨牛の大弓,弓,1764,0,0,無,バフバロ
バルキンガロテ,片手剣,1596,400,0,睡眠,ラドバルキン
スパイクエッジ,片手剣,430,250,0,睡眠,ラドバルキン
塊剣ラドバルク,大剣,1596,400,0,睡眠,ラドバルキン
スパイクブレイド,大剣,430,250,0,睡眠,ラドバルキン
バルキンストライク,ハンマー,1596,400,0,睡眠,ラドバルキン
ボーンスパイク,ハンマー,430,250,0,睡眠,ラドバルキン
バルキンキャノン,ヘビィボウガン,1756,0,0,無,ラドバルキン
スパイクシューター,ヘビィボウガン,473,0,0,無,ラドバルキン
バルキンホルン,狩猟笛,1596,400,0,睡眠,ラドバルキン
スパイクホルン,狩猟笛,430,250,0,睡眠,ラドバルキン
プラチナムドーン,片手剣,1258,1082,30,火,リオレウス希少種
ゲキリュウノツガイ,双剣,1258,1082,30,火,"リオレウス希少種, リオレイア希少種"
輝剣リオレウス,大剣,1258,1082,30,火,リオレウス希少種
飛龍刀【銀】,太刀,1258,1082,30,火,リオレウス希少種
星砕きプロメテオル,ハンマー,1258,1082,30,火,リオレウス希少種
シルバープロミネンス,ランス,1258,1082,30,火,リオレウス希少種
ガンチャリオット,ガンランス,1258,1082,30,火,リオレウス希少種
煌竜斧シルバーギア,スラッシュアックス,1258,1082,30,火,リオレウス希少種
業火斧ヘルメスレイ,チャージアックス,1258,1082,30,火,リオレウス希少種
煌竜弩シルバーレイ,ライトボウガン,1258,1082,30,火,リオレウス希少種
銀火竜の烈弓,弓,1258,1082,30,火,リオレウス希少種
ブルーコロナ,片手剣,1682,605,0,火,リオレウス亜種
煌剣リオレウス,大剣,1682,605,0,火,リオレウス亜種
ブルーウィング,大剣,440,134,0,火,リオレウス亜種
飛竜刀【藍染】,太刀,1682,605,0,火,リオレウス亜種
飛竜刀【蒼】,太刀,440,134,0,火,リオレウス亜種
ブループロミネンス,ランス,1682,605,0,火,リオレウス亜種
ブルーテイル,ランス,440,134,0,火,リオレウス亜種
ブルーチャリオット,ガンランス,1682,605,0,火,リオレウス亜種
ブルールーク,ガンランス,440,134,0,火,リオレウス亜種
蒼炎斧ブルーギア,スラッシュアックス,1682,605,0,火,リオレウス亜種
蒼炎斧ソウルクラトス,チャージアックス,1682,605,0,火,リオレウス亜種
蒼炎弩ソウルバスター,ライトボウガン,1682,605,0,火,リオレウス亜種
蒼火竜の剛弓,弓,1682,605,0,火,リオレウス亜種
ヒートエッジ,片手剣,1221,1142,0,火,リオレウス
フレイムナイフ,片手剣,361,232,0,火,リオレウス
レッドウィング,大剣,1221,1142,0,火,リオレウス
フレイムブレイド,大剣,361,232,0,火,リオレウス
飛竜刀【朱】,太刀,1221,1142,0,火,リオレウス
飛竜刀【紅葉】,太刀,361,232,0,火,リオレウス
火竜砕フラカン,ハンマー,1221,1142,0,火,リオレウス
レッドビート,ハンマー,361,232,0,火,リオレウス
レッドテイル,ランス,1221,1142,0,火,リオレウス
フレイムランス,ランス,361,232,0,火,リオレウス
レッドルーク,ガンランス,1221,1142,0,火,リオレウス
火竜銃槍,ガンランス,361,232,0,火,リオレウス
火竜斧レウスギア,スラッシュアックス,1221,1142,0,火,リオレウス
火竜の剣斧,スラッシュアックス,361,232,0,火,リオレウス
炎斧アクセリオン,チャージアックス,1221,1142,0,火,リオレウス
火竜の盾斧,チャージアックス,361,232,0,火,リオレウス
レウスバスター,ライトボウガン,1221,1142,0,火,リオレウス
フレイムブリッツ,ライトボウガン,361,232,0,火,リオレウス
火竜の強弓,弓,1221,1142,0,火,リオレウス
火竜笛アンビシオン,狩猟笛,1221,1142,0,火,リオレウス
フレイムフラップ,狩猟笛,361,232,0,火,リオレウス
タナトスクラブ,双剣,2218,0,-30,無,ディアブロス亜種
カオスシャッター,ハンマー,2218,0,-30,無,ディアブロス亜種
デモン,スラッシュアックス,2218,0,-30,無,ディアブロス亜種
タナトスアックス,スラッシュアックス,576,0,-30,無,ディアブロス亜種
タナトスフォース,チャージアックス,2218,0,-30,無,ディアブロス亜種
カーディアーカ,ヘビィボウガン,2218,0,-30,無,ディアブロス亜種
ネロディアーカ,ヘビィボウガン,576,0,-30,無,ディアブロス亜種
角王弓ゲイルホーン,弓,2218,0,-30,無,ディアブロス亜種
ゲイルホーンボウ,弓,576,0,-30,無,ディアブロス亜種
ブロスクラブ,双剣,1979,0,0,無,ディアブロス
ブロスハチェット,双剣,512,0,0,無,ディアブロス
ブロスシャッター,ハンマー,1979,0,0,無,ディアブロス
ブロスヘッド,ハンマー,512,0,0,無,ディアブロス
タイラントアックス,スラッシュアックス,1979,0,0,無,ディアブロス
ブロスアックス,スラッシュアックス,512,0,0,無,ディアブロス
タイラントブロス,チャージアックス,1979,0,0,無,ディアブロス
ブロスウォール,チャージアックス,512,0,0,無,ディアブロス
デュエルスタッブ,ヘビィボウガン,1979,0,0,無,ディアブロス
ディアシューター,ヘビィボウガン,512,0,0,無,ディアブロス
ブロスホーンボウ,弓,1979,0,0,無,ディアブロス
ブロスボウ,弓,512,0,0,無,ディアブロス
破笛シャダー,狩猟笛,1979,0,0,無,ディアブロス
デュアルホルン,狩猟笛,512,0,0,無,ディアブロス
トリアングラー,片手剣,1221,1142,0,氷,レイギエナ
グレイスファイター,片手剣,361,232,0,氷,レイギエナ
フリーズチェーン,双剣,1221,1142,0,氷,レイギエナ
フリーズダガー,双剣,361,232,0,氷,レイギエナ
フロストブレイズ,大剣,1221,1142,0,氷,レイギエナ
フリーズブレイド,大剣,361,232,0,氷,レイギエナ
スティーラー,太刀,1221,1142,0,氷,レイギエナ
グレイスショテル,太刀,361,232,0,氷,レイギエナ
ギエナハルバ,ランス,1221,1142,0,氷,レイギエナ
グレイスランサー,ランス,361,232,0,氷,レイギエナ
ギエナキャノン,ガンランス,1221,1142,0,氷,レイギエナ
グレイスガンランス,ガンランス,361,232,0,氷,レイギエナ
ホロウコラム,スラッシュアックス,1221,1142,0,氷,レイギエナ
グレイスアックス,スラッシュアックス,361,232,0,氷,レイギエナ
ギガフロスト,チャージアックス,1221,1142,0,氷,レイギエナ
氷結の盾斧,チャージアックス,361,232,0,氷,レイギエナ
フロストブリッツ,ライトボウガン,1221,1142,0,氷,レイギエナ
スノウブリッツ,ライトボウガン,361,232,0,氷,レイギエナ
ロゼッテス改,ヘビィボウガン,1221,1142,0,氷,レイギエナ
ロゼッテス,ヘビィボウガン,361,232,0,氷,レイギエナ
ファーンライク,弓,1221,1142,0,氷,レイギエナ
グレイスアロー,弓,361,232,0,氷,レイギエナ
セクタード,狩猟笛,1221,1142,0,氷,レイギエナ
グレイスバグパイプ,狩猟笛,361,232,0,氷,レイギエナ
ルナティックローズ,片手剣,1675,399,30,毒,リオレイア希少種
飛龍刀【月】,太刀,1675,399,30,毒,リオレイア希少種
クイーンバースト,ガンランス,1675,399,30,毒,リオレイア希少種
煌戦の金剣斧,スラッシュアックス,1675,399,30,毒,リオレイア希少種毒属性
ルナ＝エストオレ,チャージアックス,1675,399,30,毒,リオレイア希少種
ゴールドヴァルキリー,ライトボウガン,1993,0,30,無,リオレイア希少種
月華妃竜砲【煌撃】,ヘビィボウガン,1993,0,30,無,リオレイア希少種
ルナティックアロー,弓,1258,1082,30,龍,リオレイア希少種
ゴルトリコーダー,狩猟笛,1258,1082,30,火,リオレイア希少種
ロイヤルローズ,片手剣,1756,300,0,毒,リオレイア亜種
クイーンローズ,片手剣,473,188,0,毒,リオレイア亜種
招福の竜扇,双剣,1293,910,0,龍,リオレイア亜種
飛竜刀【桜花】改,太刀,1756,300,0,毒,リオレイア亜種
飛竜刀【桜花】,太刀,473,188,0,毒,リオレイア亜種
福運の竜槌,ハンマー,1293,910,0,龍,リオレイア亜種
ロイヤルバースト,ガンランス,1756,300,0,毒,リオレイア亜種
ローゼスバースト,ガンランス,473,188,0,毒,リオレイア亜種
ディア＝ヘカテリア,チャージアックス,1756,300,0,毒,リオレイア亜種
ディア＝ヘカテル,チャージアックス,473,188,0,毒,リオレイア亜種
福来の軽弩,ライトボウガン,1221,1142,0,龍,リオレイア亜種
ローゼスアロー,弓,1293,910,0,龍,リオレイア亜種
ロイヤルリコーダー,狩猟笛,1682,605,0,火,リオレイア亜種
サクラノリコーダー,狩猟笛,440,134,0,火,リオレイア亜種
クイーンレイピア,片手剣,1516,496,0,毒,リオレイア
プリンセスレイピア,片手剣,409,298,0,毒,リオレイア
飛竜刀【翠】,太刀,1516,496,0,毒,リオレイア
飛竜刀【青葉】,太刀,409,298,0,毒,リオレイア
プリンセスバースト改,ガンランス,1516,496,0,毒,リオレイア
プリンセスバースト,ガンランス,409,298,0,毒,リオレイア
竜姫の剣斧改,スラッシュアックス,1516,496,0,毒,リオレイア
竜姫の剣斧,スラッシュアックス,409,298,0,毒,リオレイア
ディア＝ルテミア,チャージアックス,1516,496,0,毒,リオレイア
ディア＝ルテミス,チャージアックス,409,298,0,毒,リオレイア
妃竜砲【飛撃】,ヘビィボウガン,1878,0,0,毒,リオレイア
妃竜砲【遠撃】,ヘビィボウガン,500,0,0,毒,リオレイア
プリンセスアロー,弓,1516,496,0,毒,リオレイア
クイーンリコーダー,狩猟笛,1516,496,0,毒,リオレイア
ヴァルキリコーダー,狩猟笛,409,298,0,毒,リオレイア
雷顎剣ドネルシーカ改,片手剣,1197,1154,20,雷,アンジャナフ亜種
雷顎剣ドネルシーカ,片手剣,342,230,10,雷,アンジャナフ亜種
トルネ＝ジャナール,双剣,1197,1154,20,雷,アンジャナフ亜種
雷顎大剣ドネルヘレヴ改,大剣,1197,1154,20,雷,アンジャナフ亜種
雷顎大剣ドネルヘレヴ,大剣,342,230,10,雷,アンジャナフ亜種
モルダ＝ジャナール,太刀,1197,1154,20,雷,アンジャナフ亜種
ドンナ＝ジャナール,ハンマー,1197,1154,20,雷,アンジャナフ亜種
ハルマ＝ジャナール,ガンランス,1197,1154,20,雷,アンジャナフ亜種
雷顎剣斧ドネルシスカ改,スラッシュアックス,1197,1154,20,雷,アンジャナフ亜種
雷顎剣斧ドネルシスカ,スラッシュアックス,342,230,10,雷,アンジャナフ亜種
バル＝ジャナール,ライトボウガン,1203,1278,-40,雷,アンジャナフ亜種
雷顎重弩ドネルテルマ改,ヘビィボウガン,1203,1278,-40,雷,アンジャナフ亜種
雷顎重弩ドネルテルマ,ヘビィボウガン,354,294,-40,雷,アンジャナフ亜種
レラ＝ジャナール,弓,1197,1154,20,雷,アンジャナフ亜種
ホーン＝ジャナール,狩猟笛,1197,1154,20,雷,アンジャナフ亜種
フラムエルシーカ,片手剣,1293,910,0,火,アンジャナフ
ブレイズエッジ,片手剣,370,181,0,火,アンジャナフ
ジャナフサイクロン,双剣,1293,910,0,火,アンジャナフ
ブレイズハチェット,双剣,370,181,0,火,アンジャナフ
フラムエルヘレヴ改,大剣,1293,910,0,火,アンジャナフ
フラムエルヘレヴ,大剣,370,181,0,火,アンジャナフ
ジャナフシミター,太刀,1293,910,0,火,アンジャナフ
ブレイズショテル,太刀,370,181,0,火,アンジャナフ
ジャナフストライク,ハンマー,1293,910,0,火,アンジャナフ
ブレイズハンマー,ハンマー,370,181,0,火,アンジャナフ
ジャナフキャノン,ガンランス,1293,910,0,火,アンジャナフ
ブレイズガンランス,ガンランス,370,181,0,火,アンジャナフ
フラムエルシスカ改,スラッシュアックス,1293,910,0,火,アンジャナフ
フラムエルシスカ,スラッシュアックス,370,181,0,火,アンジャナフ
ジャナフバスター,ライトボウガン,1293,910,0,火,アンジャナフ
ブレイズライフル,ライトボウガン,370,181,0,火,アンジャナフ
フラムエルテルマ,ヘビィボウガン,1293,910,0,火,アンジャナフ
ブレイズアサルト,ヘビィボウガン,370,181,0,火,アンジャナフ
ジャナフアルカウス,弓,1293,910,0,火,アンジャナフ
ブレイズボウ,弓,370,181,0,火,アンジャナフ
ジャナフバローネ,狩猟笛,1293,910,0,火,アンジャナフ
ブレイズホルン,狩猟笛,370,181,0,火,アンジャナフ
フラッドウェイブ,片手剣,1293,910,0,水,ジュラトドス
アクアメッサー,片手剣,370,181,0,水,ジュラトドス
シュラムハチェット,双剣,1293,910,0,水,ジュラトドス
マッドバンガー,双剣,370,181,0,水,ジュラトドス
ウォーターゴーレム,大剣,1293,910,0,水,ジュラトドス
アクアスラッシャー,大剣,370,181,0,水,ジュラトドス
ディプテルス,太刀,1293,910,0,水,ジュラトドス
シュラムショテル,太刀,370,181,0,水,ジュラトドス
ウォーターバッシュ,ハンマー,1293,910,0,水,ジュラトドス
アクアハンマー,ハンマー,370,181,0,水,ジュラトドス
ウォータースパイク,ランス,1293,910,0,水,ジュラトドス
アクアホーン,ランス,370,181,0,水,ジュラトドス
シュラムバスター,ガンランス,1293,910,0,水,ジュラトドス
マッドガンランス,ガンランス,370,181,0,水,ジュラトドス
シュラムドラウト,スラッシュアックス,1293,910,0,水,ジュラトドス
マッドアックス,スラッシュアックス,370,181,0,水,ジュラトドス
ディープシュラム,チャージアックス,1293,910,0,水,ジュラトドス
泥流の盾斧,チャージアックス,370,181,0,水,ジュラトドス
シュラムバレット,ライトボウガン,1293,910,0,水,ジュラトドス
マッドライフル,ライトボウガン,370,181,0,水,ジュラトドス
ウォーターキャノン,ヘビィボウガン,1293,910,0,水,ジュラトドス
アクアアサルト,ヘビィボウガン,370,181,0,水,ジュラトドス
ウォーターシュート,弓,1293,910,0,水,ジュラトドス
アクアアロー,弓,370,181,0,水,ジュラトドス
ウォータータムタム,狩猟笛,1293,910,0,水,ジュラトドス
アクアバグパイプ,狩猟笛,370,181,0,水,ジュラトドス
ニュクスタバール,片手剣,1756,300,0,睡眠,パオウルムー亜種
ニュクスレイザー,大剣,1756,300,0,睡眠,パオウルムー亜種
ニュクスハンマー,ハンマー,1756,300,0,睡眠,パオウルムー亜種
ニュクスハルバ,ランス,1756,300,0,睡眠,パオウルムー亜種
ニュクススマッシャー,スラッシュアックス,1756,300,0,睡眠,パオウルムー亜種
ナイトメアシード,ライトボウガン,1979,0,0,無,パオウルムー亜種
ナイトメアキャノン,ヘビィボウガン,1979,0,0,無,パオウルムー亜種
ナイトメアストリング,弓,1756,300,0,睡眠,パオウルムー亜種
ニュクスバローネ,狩猟笛,1756,300,0,睡眠,パオウルムー亜種
ウルムータバール,片手剣,1764,0,0,無,パオウルムー
ウルムーナイフ,片手剣,486,0,0,無,パオウルムー
ウルムースマッシャー,スラッシュアックス,1764,0,0,無,パオウルムー
ウルムーアックス,スラッシュアックス,486,0,0,無,パオウルムー
ウルムーティフォン,ライトボウガン,1764,0,0,無,パオウルムー
ウルムーブリッツ,ライトボウガン,486,0,0,無,パオウルムー
ウルムーバローネ,狩猟笛,1764,0,0,無,パオウルムー
ウルムーホルン,狩猟笛,486,0,0,無,パオウルムー
ライトニングバトラー,片手剣,1293,910,0,雷,トビカガチ
サンダーエッジ,片手剣,370,181,0,雷,トビカガチ
カガチノツメ,双剣,1293,910,0,雷,トビカガチ
パルサーハチェット,双剣,370,181,0,雷,トビカガチ
ライトニングパニッシュ,大剣,1293,910,0,雷,トビカガチ
サンダーブレイド,大剣,370,181,0,雷,トビカガチ
カガチノキバ,太刀,1293,910,0,雷,トビカガチ
パルサーショテル,太刀,370,181,0,雷,トビカガチ
ライトニングバッシュ,ハンマー,1293,910,0,雷,トビカガチ
サンダーハンマー,ハンマー,370,181,0,雷,トビカガチ
ライトニングパイル,ランス,1293,910,0,雷,トビカガチ
サンダーランス,ランス,370,181,0,雷,トビカガチ
飛雷銃槍テツカガチ,ガンランス,1293,910,0,雷,トビカガチ
パルサーガンランス,ガンランス,370,181,0,雷,トビカガチ
ライトニングアクセル,スラッシュアックス,1293,910,0,雷,トビカガチ
サンダーアックス,スラッシュアックス,370,181,0,雷,トビカガチ
カガチノカイナ,チャージアックス,1293,910,0,雷,トビカガチ
パルサーアームズ,チャージアックス,370,181,0,雷,トビカガチ
ライトニングブリッツ,ライトボウガン,1293,910,0,雷,トビカガチ
サンダーブリッツ,ライトボウガン,370,181,0,雷,トビカガチ
カガチノシシ,ヘビィボウガン,1293,910,0,雷,トビカガチ
パルサーシューター,ヘビィボウガン,370,181,0,雷,トビカガチ
飛雷弓イテカガチ,弓,1293,910,0,雷,トビカガチ
パルサーボウ,弓,370,181,0,雷,トビカガチ
ライトニングドラム,狩猟笛,1293,910,0,雷,トビカガチ
サンダーガイダ,狩猟笛,370,181,0,雷,トビカガチ
マラトタバール,片手剣,1596,400,0,無,ドスギルオス
ギルオスナイフ,片手剣,430,250,0,無,ドスギルオス
マラドハディード,大剣,1596,400,0,無,ドスギルオス
ギルオスブレイド,大剣,430,250,0,無,ドスギルオス
マラドマトラカ,ハンマー,1596,400,0,無,ドスギルオス
ギルオスハンマー,ハンマー,430,250,0,無,ドスギルオス
牙竜銃槍【黒頭巾】,ガンランス,1596,400,0,無,ドスギルオス
牙竜銃槍【黄牙】,ガンランス,430,250,0,無,ドスギルオス
ギルオスナージャ,チャージアックス,1596,400,0,無,ドスギルオス
ギルオスアームズ,チャージアックス,430,250,0,無,ドスギルオス
ボルボクラブ,片手剣,1756,0,0,無,ボルボロス
ドラグロエッジ,片手剣,473,0,0,無,ボルボロス
ボルボシュレッダー,大剣,1756,0,0,無,ボルボロス
ドラグロバスター,大剣,473,0,0,無,ボルボロス
ボルボブレイカー,ハンマー,1756,0,0,無,ボルボロス
ドラグロフレーム,ハンマー,473,0,0,無,ボルボロス
ボロススティンガー,ランス,1756,0,0,無,ボルボロス
ドラグロランス,ランス,473,0,0,無,ボルボロス
ボルボバスター,ガンランス,1756,0,0,無,ボルボロス
ドラグロガンランス,ガンランス,473,0,0,無,ボルボロス
ボルボグランダー,スラッシュアックス,1756,0,0,無,ボルボロス
ドラグロアックス,スラッシュアックス,473,0,0,無,ボルボロス
ボルボショット,ライトボウガン,1756,0,0,無,ボルボロス
ドラグロライフル,ライトボウガン,473,0,0,無,ボルボロス
土砂笙【獣ノ音】,狩猟笛,1756,0,0,無,ボルボロス
土砂笙【戦ノ音】,狩猟笛,473,0,0,無,ボルボロス
ラグーナブロッサム,片手剣,1221,1142,0,水,プケプケ亜種
ラグーナゴーレム,大剣,1221,1142,0,水,プケプケ亜種
アクア・フローラ改,ハンマー,1221,1142,0,水,プケプケ亜種
アクア・フローラ,ハンマー,361,232,0,水,プケプケ亜種
ラグーナパイク,ランス,1221,1142,0,水,プケプケ亜種
ルブラルラグーン,スラッシュアックス,1221,1142,0,水,プケプケ亜種
ラグーナブリッツ,ライトボウガン,1221,1142,0,水,プケプケ亜種
ラグーナブラスター,ヘビィボウガン,1221,1142,0,水,プケプケ亜種
ラグーナシュート,弓,1221,1142,0,水,プケプケ亜種
ラグーナドラム,狩猟笛,1221,1142,0,水,プケプケ亜種
ダチュラブロッサム,片手剣,1596,400,0,毒,プケプケ
ブルームナイフ,片手剣,430,250,0,毒,プケプケ
ダチュラブレイズ,大剣,1596,400,0,毒,プケプケ
ブルームブレイド,大剣,430,250,0,毒,プケプケ
ベネフロル,ハンマー,1596,400,0,毒,プケプケ
ブルームハンマー,ハンマー,430,250,0,毒,プケプケ
ダチュラパイク,ランス,1596,400,0,毒,プケプケ
ブルームランス,ランス,430,250,0,毒,プケプケ
ダチュラガーデン,スラッシュアックス,1596,400,0,毒,プケプケ
ダチュラブラスター,ヘビィボウガン,1756,0,0,毒,プケプケ
ブルームシューター,ヘビィボウガン,473,0,0,毒,プケプケ
ダチュラストリング,弓,1596,400,0,毒,プケプケ
ブルームアーチ,弓,430,250,0,毒,プケプケ
ダチュラホルン,狩猟笛,1596,400,0,毒,プケプケ
ブルームホルン,狩猟笛,430,250,0,毒,プケプケ
アルカナリア,双剣,1596,0,30,無,クルルヤック
ビークダガー,双剣,430,0,15,無,クルルヤック
アルダジャージュ,太刀,1596,0,30,無,クルルヤック
アルリーシャ,太刀,430,0,15,無,クルルヤック
ビークインパクト,ハンマー,1596,0,30,無,クルルヤック
クルルビーク,ハンマー,430,0,15,無,クルルヤック
クルルハスター,ランス,1596,0,30,無,クルルヤック
クルルランス,ランス,430,0,15,無,クルルヤック
リーシャアルサクル,弓,1596,0,30,無,クルルヤック
クルルアロー,弓,430,0,15,無,クルルヤック
リーシャタブル,狩猟笛,1596,0,30,無,クルルヤック
クルルドゥダ,狩猟笛,430,0,15,無,クルルヤック
ジャグラスガロテ,片手剣,1373,607,0,水,ドスジャグラス
ジャグラスエッジ,片手剣,391,136,0,水,ドスジャグラス
ジャグラスハッカー,大剣,1373,607,0,水,ドスジャグラス
ジャグラスブレイド,大剣,391,136,0,水,ドスジャグラス
牙竜銃槍【大喰】,ガンランス,1373,607,0,水,ドスジャグラス
牙竜銃槍,ガンランス,391,136,0,水,ドスジャグラス
ジャグラスレイダー,スラッシュアックス,1373,607,0,水,ドスジャグラス
ジャグラスアックス,スラッシュアックス,391,136,0,水,ドスジャグラス
ジャグラスエスクード,チャージアックス,1373,607,0,水,ドスジャグラス
ジャグラスアームズ,チャージアックス,391,136,0,水,ドスジャグラス
ジャグラスファイア,ライトボウガン,1373,607,0,水,ドスジャグラス
ジャグラスブリッツ,ライトボウガン,391,136,0,水,ドスジャグラス
ジャグラスキャノン,ヘビィボウガン,1373,607,0,水,ドスジャグラス
ジャグラスアサルト,ヘビィボウガン,391,136,0,水,ドスジャグラス
チーフククリ,片手剣,1596,0,0,無,
ボーンククリ,片手剣,430,0,0,無,
ワイルドハチェット,双剣,1596,0,0,無,
ボーンハチェット,双剣,430,0,0,無,
ボーンスラッシャー,大剣,1596,0,0,無,
ボーンブレイド,大剣,430,0,0,無,
ハードボーンショテル,太刀,1596,0,0,無,
ボーンショテル,太刀,430,0,0,無,
ヘヴィロックボーン,ハンマー,1596,0,0,無,
ロックボーン,ハンマー,430,0,0,無,
ハードボーンランス,ランス,1596,0,0,無,
ボーンランス,ランス,430,0,0,無,
大骨銃槍,ガンランス,1596,0,0,無,
骨銃槍,ガンランス,430,0,0,無,
ボーンスマッシャー,スラッシュアックス,1596,0,0,無,
ボーンアックス,スラッシュアックス,430,0,0,無,
ハードボーンアームズ,チャージアックス,1596,0,0,無,
ボーンアームズ,チャージアックス,430,0,0,無,
パワーライフル,ライトボウガン,1596,0,0,無,
ハンターライフル,ライトボウガン,430,0,0,無,
ヘビィシューター,ヘビィボウガン,1596,0,0,無,
ボーンシューター,ヘビィボウガン,430,0,0,無,
パワーハンターボウ,弓,1596,0,0,無,
ハンターボウ,弓,430,0,0,無,
ハードボーンホルン,狩猟笛,1596,0,0,無,
ボーンホルン,狩猟笛,430,0,0,無,
ハイチェーンブリッツ,ライトボウガン,1596,0,0,無,鉄鉱石
チェーンブリッツ,ライトボウガン,430,0,0,無,鉄鉱石
カーニバル2024ソード,片手剣,1623,313,0,爆破,
MrBeastソード,片手剣,1821,0,30,無,
カーニバル2024ダガー,双剣,1623,313,0,爆破,
カーニバル2024ブレイド,大剣,1623,313,0,爆破,
禍鎌ヴァルナロス,太刀,1221,1142,0,龍,
デスペレイション,太刀,361,232,0,龍,
カーニバル2024ショテル,太刀,1623,313,0,爆破,
カーニバル2024ハンマー,ハンマー,1623,313,0,爆破,
カーニバル2024ランス,ランス,1623,313,0,爆破,
カーニバル2024ガンランス,ガンランス,1623,313,0,爆破,
カーニバル2024アームズ,チャージアックス,1623,313,0,爆破,
カーニバル2024ライフル,ライトボウガン,1878,0,0,無,
夏宴の大砲,ヘビィボウガン,1221,1142,0,火,
カーニバル2024キャノン,ヘビィボウガン,1878,0,0,無,
カーニバル2024アロー,弓,1623,313,0,爆破,
スカルホイッスル,狩猟笛,1596,400,0,無,
